Index;T_s;X;Y;Z;Unit_Pos
0;0.0000;615.750300;2224.007000;70.076940;mm
1;0.5000;615.750300;2224.007000;70.093630;mm
